{"num_qubits": 2, "depth": 4, "num_circuit": 4, "num_generation": 5, "current_generation": 1, "fitnessss": [[0.9999681128833353, 0.2928932187993484, 0.0, 0.29289321881025165]], "best_fitnesss": [0.9999681128833353], "prob_mutate": 0.01}