{"num_qubits": 4, "num_circuit": 4, "num_generation": 2, "current_generation": 1, "fitnessss": [[0.5769230769230769, 0.8076923076923077, 0.7692307692307693, 0.8846153846153846]], "best_fitnesss": [0.8846153846153846], "prob_mutate": 0.01, "num_cnot": 4, "depth": 2}