{"num_qubits": 4, "num_circuit": 4, "num_generation": 1, "current_generation": 1, "fitnessss": [[0.5, 0.9230769230769231, 0.9230769230769231, 0.8461538461538461]], "best_fitnesss": [0.9230769230769231], "prob_mutate": 0.01, "num_cnot": 3, "depth": 5}