{"num_qubits": 4, "depth": 4, "num_circuit": 1, "num_generation": 10, "current_generation": 1, "fitnessss": [[0.13397459620728958]], "best_fitnesss": [0.13397459620728958], "prob_mutate": 0.01}