{"num_qubits": 4, "depth": 1, "num_circuit": 10, "num_generation": 6, "current_generation": 1, "fitnessss": [[0.0, 0.13397459620379248, 0.06458565330651456, 0.06458565330651467, 0.06458565330651456, 0.18350341907089818, 0.06458888107566985, 0.17084380241105568, 0.13397459620728958, 0.11170809977787977]], "best_fitnesss": [0.18350341907089818], "prob_mutate": 0.01}