{"num_qubits": 4, "depth": 4, "num_circuit": 7, "num_generation": 10, "current_generation": 1, "fitnessss": [[0.17084380238307695, 0.22540333069368945, 0.20267741486144497, 0.3202900591367447, 0.23965468304266113, 0.06458565330651456, 0.18350341905847134]], "best_fitnesss": [0.3202900591367447], "prob_mutate": 0.01}