{"num_qubits": 4, "depth": 1, "num_circuit": 1, "num_generation": 10, "current_generation": 1, "fitnessss": [[0.13397459621552965]], "best_fitnesss": [0.13397459621552965], "prob_mutate": 0.01}