{"num_qubits": 4, "depth": 3, "num_circuit": 4, "num_generation": 5, "current_generation": 2, "fitnessss": [[0.13397459619910856, 0.1339745961986194, 0.13397459617886298, 0.17978920305953683], [0.17978920305953683, 0.13397459619910856, 0.1835034190688717, 0.13397459621403995]], "best_fitnesss": [0.17978920305953683, 0.1835034190688717], "prob_mutate": 0.01}