{"num_qubits": 4, "depth": 2, "num_circuit": 4, "num_generation": 5, "current_generation": 3, "fitnessss": [[0.0, 0.13397459612773643, 0.13392330799654173, 0.20943058487808486], [0.20943058487808486, 0.13397459612773643, 0.20943058494849676, 0.13397459621550023], [0.20943058494849676, 0.20943058487808486, 0.20943058487808486, 0.20943058494849676]], "best_fitnesss": [0.20943058487808486, 0.20943058494849676, 0.20943058494849676], "prob_mutate": 0.01}