{"num_qubits": 4, "depth": 1, "num_circuit": 4, "num_generation": 10, "current_generation": 5, "fitnessss": [[0.0, 0.06458772685285241, 0.13397459621552965, 0.06458565330651467], [0.13397459621552965, 0.06458772685285241, 0.06458772685285241, 0.13397459621552965], [0.13397459621552965, 0.13397459621552965, 0.13397459621552965, 0.13397459621552965], [0.13397459621552965, 0.13397459621552965, 0.13397459621552965, 0.13397459621552965], [0.13397459621552965, 0.13397459621552965, 0.13397459621552965, 0.13397459621552965]], "best_fitnesss": [0.13397459621552965, 0.13397459621552965, 0.13397459621552965, 0.13397459621552965, 0.13397459621552965], "prob_mutate": 0.01}