{"num_qubits": 4, "depth": 4, "num_circuit": 5, "num_generation": 10, "current_generation": 1, "fitnessss": [[0.2928557083022313, 0.17978920297332235, 0.1797892028524496, 0.13397459619178165, 0.29289320617690817]], "best_fitnesss": [0.29289320617690817], "prob_mutate": 0.01}