{"num_qubits": 4, "depth": 1, "num_circuit": 8, "num_generation": 6, "current_generation": 4, "fitnessss": [[0.1339745962155614, 0.17978920306607415, 0.06458565330651467, 0.13397459609533002, 0.06458565330651467, 0.06458565330651456, 0.0645877414497753, 0.06458565330651456], [0.17978920306607415, 0.1339745962155614, 0.1339745962155614, 0.17978920306607415, 0.13397459609533002, 0.0645877414497753, 0.0645877414497753, 0.13397459609533002], [0.17978920306607415, 0.17978920306607415, 0.17978920306607415, 0.17978920306607415, 0.1339745962155614, 0.1339745962155614, 0.1339745962155614, 0.1339745962155614], [0.17978920306607415, 0.17978920306607415, 0.17978920306607415, 0.17978920306607415, 0.17978920306607415, 0.17978920306607415, 0.17978920306607415, 0.17978920306607415]], "best_fitnesss": [0.17978920306607415, 0.17978920306607415, 0.17978920306607415, 0.17978920306607415], "prob_mutate": 0.01}