{"num_qubits": 4, "depth": 2, "num_circuit": 9, "num_generation": 5, "current_generation": 1, "fitnessss": [[0.13397459619926244, 0.133974596159795, 0.17084380241076613, 0.06458565330651456, 0.13397459620927865, 0.13397459620616636, 0.06458565330590971, 0.13397459609533002, 0.17978919488059286]], "best_fitnesss": [0.17978919488059286], "prob_mutate": 0.01}