{"num_qubits": 4, "depth": 5, "num_circuit": 1, "num_generation": 10, "current_generation": 1, "fitnessss": [[0.22540333067572338]], "best_fitnesss": [0.22540333067572338], "prob_mutate": 0.01}