{"num_qubits": 4, "depth": 2, "num_circuit": 8, "num_generation": 6, "current_generation": 4, "fitnessss": [[0.13397459621404006, 0.17978912594240637, 0.1339745962072897, 0.06458565325085841, 0.0, 0.13397459609533002, 0.18350341906303558, 0.1339745961925275], [0.18350341906303558, 0.17978912594240637, 0.18350341905677992, 0.13397459502622633, 0.13397459621404006, 0.1339745962072897, 0.13397459621447627, 0.0], [0.18350341906303558, 0.18350341905677992, 0.18350341905677992, 0.18350341906303558, 0.17978912594240637, 0.13397459621447627, 0.13397459621068575, 0.1339744623015786], [0.18350341906303558, 0.18350341906303558, 0.18350341906303558, 0.18350341906303558, 0.18350341905677992, 0.18350341905677992, 0.18350341905677992, 0.18350341905677992]], "best_fitnesss": [0.18350341906303558, 0.18350341906303558, 0.18350341906303558, 0.18350341906303558], "prob_mutate": 0.01}