{"num_qubits": 2, "depth": 3, "num_circuit": 4, "num_generation": 5, "current_generation": 5, "fitnessss": [[0.29289321846550276, 0.2928932188134524, 0.2928932188134523, 0.2928932182139551], [0.2928932188134524, 0.2928932188134523, 0.2928932188134523, 0.2928932188134524], [0.2928932188134524, 0.2928932188134524, 0.2928932188134524, 0.2928932188134524], [0.2928932188134524, 0.2928932188134524, 0.2928932188134524, 0.2928932188134524], [0.2928932188134524, 0.2928932188134524, 0.2928932188134524, 0.2928932188134524]], "best_fitnesss": [0.2928932188134524, 0.2928932188134524, 0.2928932188134524, 0.2928932188134524, 0.2928932188134524], "prob_mutate": 0.01}