{"num_qubits": 4, "depth": 2, "num_circuit": 3, "num_generation": 6, "current_generation": 1, "fitnessss": [[0.17978767246156335, 0.17978920306414659, 0.1835034190663153]], "best_fitnesss": [0.1835034190663153], "prob_mutate": 0.01}