{"num_qubits": 4, "depth": 4, "num_circuit": 7, "num_generation": 10, "current_generation": 1, "fitnessss": [[0.13397459619703855, 0.18350341906340895, 0.17084380240433839, 0.2928932185580063, 0.1522087520628561, 0.3170114948201984, 0.13397459621506225]], "best_fitnesss": [0.3170114948201984], "prob_mutate": 0.01}