{"num_qubits": 2, "depth": 2, "num_circuit": 4, "num_generation": 5, "current_generation": 5, "fitnessss": [[0.9999686288103821, 0.29289321872356056, 0.2928932188134524, 0.1339745962155613], [0.9999686288103821, 0.2928932188134524, 0.2928932188134524, 0.9999686288103821], [0.9999686288103821, 0.9999686288103821, 0.9999686288103821, 0.9999686288103821], [0.9999686288103821, 0.9999686288103821, 0.9999686288103821, 0.9999686288103821], [0.9999686288103821, 0.9999686288103821, 0.9999686288103821, 0.9999686288103821]], "best_fitnesss": [0.9999686288103821, 0.9999686288103821, 0.9999686288103821, 0.9999686288103821, 0.9999686288103821], "prob_mutate": 0.01}