{"num_qubits": 4, "depth": 3, "num_circuit": 3, "num_generation": 6, "current_generation": 1, "fitnessss": [[0.06460307400299192, 0.06458565330651467, 0.18350328117093795]], "best_fitnesss": [0.18350328117093795], "prob_mutate": 0.01}