{"num_qubits": 4, "depth": 1, "num_circuit": 7, "num_generation": 6, "current_generation": 1, "fitnessss": [[0.06458565330651467, 0.1339745962072897, 0.18350341906459444, 0.13397459609533002, 0.0, 0.06458565330651456, 0.0645889396521786]], "best_fitnesss": [0.18350341906459444], "prob_mutate": 0.01}