{"num_qubits": 4, "depth": 1, "num_circuit": 2, "num_generation": 10, "current_generation": 1, "fitnessss": [[0.06458565330651467, 0.1339745962155614]], "best_fitnesss": [0.1339745962155614], "prob_mutate": 0.01}