{"num_qubits": 2, "depth": 2, "num_circuit": 5, "num_generation": 5, "current_generation": 1, "fitnessss": [[0.2928932188134524, 0.9999681168283785, 0.29289321846550276, 0.0, 0.2928932185189471]], "best_fitnesss": [0.9999681168283785], "prob_mutate": 0.01}