{"num_qubits": 3, "depth": 5, "num_circuit": 6, "num_generation": 8, "current_generation": 1, "fitnessss": [[0.42264973054359456, 0.2492263977170157, 0.183503419060576, 0.4226496116491716, 0.4226431082543658, 0.24922639771077904]], "best_fitnesss": [0.42264973054359456], "prob_mutate": 0.01}