{"num_qubits": 2, "depth": 3, "num_circuit": 2, "num_generation": 5, "current_generation": 1, "fitnessss": [[0.9999813509005906, 0.2928932187685065]], "best_fitnesss": [0.9999813509005906], "prob_mutate": 0.01}