{"num_qubits": 4, "depth": 4, "num_circuit": 4, "num_generation": 5, "current_generation": 3, "fitnessss": [[0.13397459609533002, 0.23965468366739706, 0.1833987342071829, 0.22540266334809567], [0.23965468366739706, 0.22540266334809567, 0.17978920292825606, 0.22528684243752484], [0.23965468366739706, 0.22540266334809567, 0.17978920292825606, 0.22528684243752484]], "best_fitnesss": [0.23965468366739706, 0.23965468366739706, 0.23965468366739706], "prob_mutate": 0.01}