{"num_qubits": 4, "num_circuit": 5, "num_generation": 1, "current_generation": 1, "fitnessss": [[0.7266666666666667, 0.7166666666666667, 0.7266666666666667, 0.7266666666666667, 0.7266666666666667]], "best_fitnesss": [0.7266666666666667], "prob_mutate": 0.01, "num_cnot": 5, "depth": 5}