{"num_qubits": 4, "depth": 2, "num_circuit": 4, "num_generation": 6, "current_generation": 4, "fitnessss": [[0.13397459612773643, 0.06458565330651467, 0.22533383475956137, 0.0], [0.22533383475956137, 0.13397459612773643, 0.1339745962120229, 0.13397459600762174], [0.22533383475956137, 0.1339745962120229, 0.1339745962120229, 0.22533383475956137], [0.22533383475956137, 0.22533383475956137, 0.22533383475956137, 0.22533383475956137]], "best_fitnesss": [0.22533383475956137, 0.22533383475956137, 0.22533383475956137, 0.22533383475956137], "prob_mutate": 0.01}