{"num_qubits": 4, "depth": 4, "num_circuit": 6, "num_generation": 10, "current_generation": 1, "fitnessss": [[0.13397459620585073, 0.2396546836921133, 0.20667957587577013, 0.2094305849356337, 0.20267741489789537, 0.29289321619125586]], "best_fitnesss": [0.29289321619125586], "prob_mutate": 0.01}