{"num_qubits": 6, "depth": 2, "num_circuit": 4, "num_generation": 5, "current_generation": 5, "fitnessss": [[0.11808248864141835, 0.0871290708092387, 0.12094187375968013, 0.12985698312460392], [0.12985698312460392, 0.12094187375968013, 0.14809643650563897, 0.09285245595211722], [0.14809643650563897, 0.12985698312460392, 0.12985698312460392, 0.14809643650563897], [0.14809643650563897, 0.14809643650563897, 0.14809643650563897, 0.14809643650563897], [0.14809643650563897, 0.14809643650563897, 0.14809643650563897, 0.14809643650563897]], "best_fitnesss": [0.12985698312460392, 0.14809643650563897, 0.14809643650563897, 0.14809643650563897, 0.14809643650563897], "prob_mutate": 0.01}