{"num_qubits": 4, "depth": 5, "num_circuit": 6, "num_generation": 10, "current_generation": 1, "fitnessss": [[0.29288608440851693, 0.17978920301847123, 0.29288604743333657, 0.2094305849551611, 0.29289314814946954, 0.38762373973434316]], "best_fitnesss": [0.38762373973434316], "prob_mutate": 0.01}