{"num_qubits": 2, "depth": 4, "num_circuit": 5, "num_generation": 5, "current_generation": 1, "fitnessss": [[0.0, 0.9999813508886841, 0.29289321881025165, 0.2928932185189471, 0.0]], "best_fitnesss": [0.9999813508886841], "prob_mutate": 0.01}