{"num_qubits": 2, "depth": 2, "num_circuit": 4, "num_generation": 5, "current_generation": 2, "fitnessss": [[0.2928932188134524, 0.0, 0.1339745962155613, 0.999958014722929], [0.999958014722929, 0.2928932188134524, 0.2928932187685065, 0.2928932188134524]], "best_fitnesss": [0.999958014722929, 0.999958014722929], "prob_mutate": 0.01}