{"num_qubits": 4, "depth": 2, "num_circuit": 2, "num_generation": 6, "current_generation": 1, "fitnessss": [[0.13397459621540697, 0.13397459621404006]], "best_fitnesss": [0.13397459621540697], "prob_mutate": 0.01}