{"num_qubits": 5, "depth": 2, "num_circuit": 4, "num_generation": 5, "current_generation": 5, "fitnessss": [[0.10557280899932497, 0.1408163170045451, 0.158228864971945, 0.10557280890695331], [0.158228864971945, 0.1408163170045451, 0.140816317004545, 0.15822886497401423], [0.15822886497401423, 0.158228864971945, 0.15822886497401423, 0.1753788748255053], [0.1753788748255053, 0.15822886497401423, 0.158228864971945, 0.17537887487619397], [0.17537887487619397, 0.1753788748255053, 0.17537887487619397, 0.1753788748255053]], "best_fitnesss": [0.158228864971945, 0.15822886497401423, 0.1753788748255053, 0.17537887487619397, 0.17537887487619397], "prob_mutate": 0.01}