{"num_qubits": 4, "depth": 3, "num_circuit": 2, "num_generation": 5, "current_generation": 1, "fitnessss": [[0.18350341906389234, 0.13397459617443608]], "best_fitnesss": [0.18350341906389234], "prob_mutate": 0.01}