{"num_qubits": 4, "depth": 2, "num_circuit": 10, "num_generation": 6, "current_generation": 1, "fitnessss": [[0.133974596213002, 0.13397459616536211, 0.13397459620582908, 0.1708438023748322, 0.13397459609533013, 0.13397459621404006, 0.2026774149043391, 0.0645877414497753, 0.1708438023748322, 0.133974596208714]], "best_fitnesss": [0.2026774149043391], "prob_mutate": 0.01}