{"num_qubits": 4, "depth": 4, "num_circuit": 6, "num_generation": 10, "current_generation": 1, "fitnessss": [[0.15220875210812468, 0.17084380237838392, 0.2928932186215947, 0.06458564478492745, 0.18350341877779708, 0.41221474526254775]], "best_fitnesss": [0.41221474526254775], "prob_mutate": 0.01}