{"num_qubits": 2, "depth": 2, "num_circuit": 3, "num_generation": 5, "current_generation": 1, "fitnessss": [[0.2928932185189471, 0.29289321872356056, 0.9999950404870133]], "best_fitnesss": [0.9999950404870133], "prob_mutate": 0.01}