{"num_qubits": 3, "depth": 4, "num_circuit": 4, "num_generation": 10, "current_generation": 10, "fitnessss": [[0.29289321877513497, 0.18350341903026146, 0.3181561205571516, 0.0871290708247231], [0.3181561205571516, 0.29289321877513497, 0.23746953391364445, 0.42264560858919986], [0.42264560858919986, 0.3181561205571516, 0.42264560858919986, 0.3181561205571516], [0.42264560858919986, 0.42264560858919986, 0.42264560858919986, 0.42264560858919986], [0.42264560858919986, 0.42264560858919986, 0.42264560858919986, 0.42264560858919986], [0.42264560858919986, 0.42264560858919986, 0.42264560858919986, 0.42264560858919986], [0.42264560858919986, 0.42264560858919986, 0.4226497291897774, 0.42264560858919986], [0.4226497291897774, 0.42264560858919986, 0.42264560858919986, 0.42264972918977717], [0.4226497291897774, 0.42264972918977717, 0.42264972918977717, 0.42264972918977717], [0.4226497291897774, 0.42264972918977717, 0.42264972918977717, 0.42264972918977717]], "best_fitnesss": [0.3181561205571516, 0.42264560858919986, 0.42264560858919986, 0.42264560858919986, 0.42264560858919986, 0.42264560858919986, 0.4226497291897774, 0.4226497291897774, 0.4226497291897774, 0.4226497291897774], "prob_mutate": 0.01}