{"num_qubits": 3, "depth": 2, "num_circuit": 4, "num_generation": 5, "current_generation": 5, "fitnessss": [[0.18350341906576673, 0.0, 0.08713160105601114, 0.2492263977229504], [0.2492263977229504, 0.18350341906576673, 0.18350341906518508, 0.25464400749078786], [0.25464400749078786, 0.2492263977229504, 0.25464400749078786, 0.2492263977229504], [0.25464400749078786, 0.25464400749078786, 0.25464400749078786, 0.25464400749078786], [0.25464400749078786, 0.25464400749078786, 0.25464400749078786, 0.25464400749078786]], "best_fitnesss": [0.2492263977229504, 0.25464400749078786, 0.25464400749078786, 0.25464400749078786, 0.25464400749078786], "prob_mutate": 0.01}