{"num_qubits": 4, "depth": 1, "num_circuit": 9, "num_generation": 6, "current_generation": 1, "fitnessss": [[0.18350341906459444, 0.17978920306603918, 0.13397459620728958, 0.0, 0.0, 0.13397459621552965, 0.13397459609533002, 0.1339745962155613, 0.13397459609533002]], "best_fitnesss": [0.18350341906459444], "prob_mutate": 0.01}