{"num_qubits": 2, "depth": 2, "num_circuit": 2, "num_generation": 5, "current_generation": 1, "fitnessss": [[0.29289321881025154, 0.1339745962155613]], "best_fitnesss": [0.29289321881025154], "prob_mutate": 0.01}