{"num_qubits": 2, "depth": 2, "num_circuit": 4, "num_generation": 6, "current_generation": 2, "fitnessss": [[0.2928932188134524, 0.0, 0.2928932188134524, 0.2928932188134524], [0.2928932188134524, 0.2928932188134524, 0.2928932188134524, 0.2928932188134524]], "best_fitnesss": [0.2928932188134524, 0.2928932188134524], "prob_mutate": 0.01}