{"num_qubits": 3, "depth": 4, "num_circuit": 4, "num_generation": 10, "current_generation": 6, "fitnessss": [[0.183503419048624, 0.1835034190469641, 0.5917516820974899, 0.2492263973657275], [0.5917516820974899, 0.2492263973657275, 0.34352120651339446, 0.08712907080153265], [0.5917516820974899, 0.34352120651339446, 0.34352120651339446, 0.5917516820974899], [0.5917516820974899, 0.5917516820974899, 0.5917516820974899, 0.5917516820974899], [0.5917516820974899, 0.5917516820974899, 0.5917516820974899, 0.5917516820974899], [0.5917516820974899, 0.5917516820974899, 0.5917516820974899, 0.5917516820974899]], "best_fitnesss": [0.5917516820974899, 0.5917516820974899, 0.5917516820974899, 0.5917516820974899, 0.5917516820974899, 0.5917516820974899], "prob_mutate": 0.01}