{"num_qubits": 4, "depth": 3, "num_circuit": 6, "num_generation": 10, "current_generation": 1, "fitnessss": [[0.20267741489653457, 0.2026774148788676, 0.17978888732707743, 0.1339745951061876, 0.2835973485138116, 0.0645862561572591]], "best_fitnesss": [0.2835973485138116], "prob_mutate": 0.01}